close,epoch,high,low,open
107944.9751,2025-06-22 04:18:00,108050.9024,107896.1775,107928.6966
108117.5119,2025-06-22 04:19:00,108117.5119,107966.5814,107972.1474
108054.9878,2025-06-22 04:20:00,108119.7187,107972.2049,108103.4295
108339.4586,2025-06-22 04:21:00,108339.4586,108026.8097,108026.8097
108242.2636,2025-06-22 04:22:00,108380.8091,108242.2636,108354.5822
108122.3858,2025-06-22 04:23:00,108252.3461,108113.8105,108252.3461
108212.1443,2025-06-22 04:24:00,108215.6689,108082.831,108131.6514
108043.7565,2025-06-22 04:25:00,108210.9388,108028.2949,108203.637
108052.2881,2025-06-22 04:26:00,108074.6417,108004.5721,108030.7206
107929.8104,2025-06-22 04:27:00,108093.2874,107902.911,108053.7676
108027.8941,2025-06-22 04:28:00,108046.8863,107883.9402,107911.8386
108237.2095,2025-06-22 04:29:00,108237.2095,108010.1964,108047.5768
108268.232,2025-06-22 04:30:00,108310.3927,108155.7723,108214.3672
108467.7421,2025-06-22 04:31:00,108482.372,108264.3843,108275.2217
108504.8678,2025-06-22 04:32:00,108592.487,108473.0151,108487.3694
108451.9218,2025-06-22 04:33:00,108543.9989,108427.0182,108504.0127
108372.7536,2025-06-22 04:34:00,108477.561,108372.7536,108431.9033
108564.2621,2025-06-22 04:35:00,108589.5508,108299.4279,108326.8706
108462.9114,2025-06-22 04:36:00,108562.1013,108459.9229,108562.1013
108492.692,2025-06-22 04:37:00,108605.1036,108473.4699,108481.8273
108563.8287,2025-06-22 04:38:00,108615.1893,108459.5815,108467.3373
108477.0872,2025-06-22 04:39:00,108593.0355,108470.6739,108559.6626
108592.1513,2025-06-22 04:40:00,108592.1513,108451.7664,108473.0781
108364.9132,2025-06-22 04:41:00,108632.242,108364.9132,108630.4149
108476.7372,2025-06-22 04:42:00,108560.6762,108398.704,108398.704
108388.4582,2025-06-22 04:43:00,108520.4428,108379.8289,108469.3253
108299.9382,2025-06-22 04:44:00,108429.1293,108299.9382,108348.7621
108221.6395,2025-06-22 04:45:00,108335.479,108212.2581,108250.1949
108241.4094,2025-06-22 04:46:00,108309.0836,108182.7692,108231.8978
108406.0513,2025-06-22 04:47:00,108474.2498,108242.6504,108278.0298
108221.1175,2025-06-22 04:48:00,108415.9658,108221.1175,108394.5603
108381.2797,2025-06-22 04:49:00,108447.5612,108201.3827,108229.2274
108674.6454,2025-06-22 04:50:00,108674.6454,108369.1905,108390.442
108804.2384,2025-06-22 04:51:00,108804.2384,108668.0167,108668.0167
108507.3225,2025-06-22 04:52:00,108781.4365,108507.3225,108781.4365
108585.1178,2025-06-22 04:53:00,108624.0478,108484.3432,108484.3432
108654.4266,2025-06-22 04:54:00,108729.1026,108578.5333,108578.5333
108681.3908,2025-06-22 04:55:00,108720.6538,108584.4174,108606.6311
108695.1176,2025-06-22 04:56:00,108744.2694,108633.0747,108692.3695
108552.1333,2025-06-22 04:57:00,108751.5022,108552.1333,108700.6407
108598.437,2025-06-22 04:58:00,108625.8825,108508.5307,108556.8602
108780.9799,2025-06-22 04:59:00,108790.9672,108606.447,108606.447
108754.2942,2025-06-22 05:00:00,108786.5792,108692.4612,108782.3105
108581.0055,2025-06-22 05:01:00,108759.1145,108581.0055,108759.1145
108711.5547,2025-06-22 05:02:00,108711.5547,108583.8667,108608.2441
108729.0012,2025-06-22 05:03:00,108729.0012,108627.4432,108703.0805
108623.2727,2025-06-22 05:04:00,108781.6942,108623.2727,108695.3463
108443.4294,2025-06-22 05:05:00,108625.5425,108443.4294,108625.5425
108315.578,2025-06-22 05:06:00,108438.0511,108315.578,108412.9249
108328.9611,2025-06-22 05:07:00,108373.9756,108236.6191,108291.766
108437.5022,2025-06-22 05:08:00,108504.5528,108319.779,108319.779
108334.4854,2025-06-22 05:09:00,108471.462,108320.8839,108455.2218
108292.2854,2025-06-22 05:10:00,108433.2623,108291.7915,108365.2858
108255.5136,2025-06-22 05:11:00,108358.2573,108255.5136,108296.3456
108456.4873,2025-06-22 05:12:00,108456.4873,108231.0432,108248.376
108562.6725,2025-06-22 05:13:00,108674.7234,108472.8405,108472.8405
108468.4766,2025-06-22 05:14:00,108593.7577,108468.4766,108557.8319
108482.6277,2025-06-22 05:15:00,108482.6277,108404.8254,108442.1874
108516.9714,2025-06-22 05:16:00,108574.6166,108472.793,108474.9664
108573.0088,2025-06-22 05:17:00,108585.3257,108479.7644,108508.9062
108549.2812,2025-06-22 05:18:00,108587.3062,108490.9998,108587.3062
108500.0373,2025-06-22 05:19:00,108598.372,108446.2815,108551.8286
108507.7958,2025-06-22 05:20:00,108562.1592,108425.7733,108497.236
108657.3002,2025-06-22 05:21:00,108669.4274,108475.4777,108505.1985
108724.5335,2025-06-22 05:22:00,108734.4542,108602.6656,108675.6205
108856.608,2025-06-22 05:23:00,108883.5559,108670.4986,108736.0061
108895.9191,2025-06-22 05:24:00,108924.7468,108860.7535,108872.8957
108893.2266,2025-06-22 05:25:00,109013.0201,108801.9651,108914.8038
108980.3306,2025-06-22 05:26:00,109010.1928,108879.2336,108879.2336
109039.5208,2025-06-22 05:27:00,109098.6961,108988.1275,108988.1275
108905.7884,2025-06-22 05:28:00,109029.1765,108864.2123,109029.1765
108882.906,2025-06-22 05:29:00,108898.4847,108724.3881,108898.4847
108879.252,2025-06-22 05:30:00,108936.0323,108846.1653,108870.5823
108614.5438,2025-06-22 05:31:00,108840.2124,108614.5438,108838.7393
108723.1946,2025-06-22 05:32:00,108741.1147,108572.0363,108585.9013
108708.6468,2025-06-22 05:33:00,108742.7299,108672.0464,108719.0357
108871.3002,2025-06-22 05:34:00,108873.6166,108728.5069,108729.4149
109153.2386,2025-06-22 05:35:00,109153.2386,108875.4499,108883.1853
109010.4917,2025-06-22 05:36:00,109133.1836,109010.4917,109130.1556
109054.3365,2025-06-22 05:37:00,109114.1856,108999.2084,109016.0398
109053.9041,2025-06-22 05:38:00,109162.1827,109017.8149,109062.3628
108964.7257,2025-06-22 05:39:00,109078.7483,108964.7257,109058.0751
109035.3966,2025-06-22 05:40:00,109066.8617,108941.9628,108947.6971
109019.4565,2025-06-22 05:41:00,109174.4521,109005.4755,109005.4755
108976.0849,2025-06-22 05:42:00,109095.8717,108962.7755,109015.067
108886.2552,2025-06-22 05:43:00,109008.5936,108875.5025,108946.6511
108865.8331,2025-06-22 05:44:00,108893.3602,108835.6753,108886.5055
108740.9069,2025-06-22 05:45:00,108844.412,108740.9069,108833.3004
108775.8835,2025-06-22 05:46:00,108950.4118,108753.1788,108783.2753
108749.5325,2025-06-22 05:47:00,108813.3803,108720.8314,108798.3242
108881.2121,2025-06-22 05:48:00,108888.3422,108761.4357,108761.4357
108856.9604,2025-06-22 05:49:00,108931.2613,108826.6159,108890.054
108845.9269,2025-06-22 05:50:00,108970.0475,108799.4987,108825.4914
108842.5222,2025-06-22 05:51:00,108934.0259,108842.5222,108891.7689
108906.8023,2025-06-22 05:52:00,108952.1487,108817.7658,108860.365
109185.8631,2025-06-22 05:53:00,109216.2961,108916.1505,108916.1505
109265.503,2025-06-22 05:54:00,109303.6691,109171.3778,109199.6016
109321.6794,2025-06-22 05:55:00,109444.4724,109276.5058,109279.24
109404.0536,2025-06-22 05:56:00,109404.0536,109207.579,109316.2681
109533.412,2025-06-22 05:57:00,109568.7836,109382.6967,109404.5563
109360.9473,2025-06-22 05:58:00,109490.7367,109356.8991,109490.7367
109160.0293,2025-06-22 05:59:00,109340.0626,109160.0293,109340.0626
109158.2163,2025-06-22 06:00:00,109219.6843,109120.4096,109170.4242
109092.4025,2025-06-22 06:01:00,109188.1693,109050.6388,109139.3171
109032.3611,2025-06-22 06:02:00,109146.9892,109006.962,109136.0039
109225.9792,2025-06-22 06:03:00,109240.6425,109048.4208,109096.4832
109131.8089,2025-06-22 06:04:00,109266.1459,109131.8089,109218.3894
108864.224,2025-06-22 06:05:00,109114.4939,108846.044,109101.8759
108882.1021,2025-06-22 06:06:00,108928.0624,108837.9441,108884.0372
108760.6792,2025-06-22 06:07:00,108869.7006,108724.2653,108856.8376
108753.6736,2025-06-22 06:08:00,108820.3285,108731.1302,108751.9221
108736.7116,2025-06-22 06:09:00,108800.1864,108679.6003,108732.1354
108862.4466,2025-06-22 06:10:00,108862.4466,108698.9296,108707.1611
108932.6028,2025-06-22 06:11:00,109029.3645,108855.3598,108855.3598
108879.3691,2025-06-22 06:12:00,108988.2007,108866.9022,108948.8809
108912.2333,2025-06-22 06:13:00,108937.565,108828.161,108868.3949
108981.7958,2025-06-22 06:14:00,108981.7958,108840.7856,108906.1733
108980.0805,2025-06-22 06:15:00,108988.4715,108925.8825,108972.445
109090.9897,2025-06-22 06:16:00,109090.9897,108984.6444,108984.6444
109044.4621,2025-06-22 06:17:00,109130.6968,109016.4104,109094.851
109082.2687,2025-06-22 06:18:00,109104.0885,108994.7086,109029.7516
109007.2497,2025-06-22 06:19:00,109133.1468,108983.0257,109083.7312
108966.8901,2025-06-22 06:20:00,109043.3756,108871.1942,108992.1702
109060.3207,2025-06-22 06:21:00,109112.054,108898.4314,108934.8939
109034.0729,2025-06-22 06:22:00,109070.5531,108926.1076,109070.5531
109115.9463,2025-06-22 06:23:00,109115.9463,108949.8514,109021.2752
109001.5732,2025-06-22 06:24:00,109133.7891,108998.6021,109106.797
108858.5303,2025-06-22 06:25:00,109036.7204,108858.5303,109023.9887
108903.3405,2025-06-22 06:26:00,108942.7536,108806.687,108830.3849
108824.5392,2025-06-22 06:27:00,108968.9092,108781.1954,108917.2903
108800.3009,2025-06-22 06:28:00,108856.586,108755.698,108851.7546
108805.6332,2025-06-22 06:29:00,108905.2082,108777.4982,108840.3505
108884.9406,2025-06-22 06:30:00,108893.4293,108722.6969,108813.2988
108864.0887,2025-06-22 06:31:00,109026.2509,108835.4179,108900.694
108878.4625,2025-06-22 06:32:00,108917.2519,108796.3117,108867.8192
108874.9642,2025-06-22 06:33:00,108908.3791,108748.0893,108878.9597
108915.4359,2025-06-22 06:34:00,108942.9738,108853.5898,108853.5898
108812.0025,2025-06-22 06:35:00,108989.5196,108812.0025,108922.5497
108822.2709,2025-06-22 06:36:00,108846.1252,108765.7132,108783.4476
108889.2235,2025-06-22 06:37:00,108934.1224,108801.4881,108815.7542
109128.3345,2025-06-22 06:38:00,109175.098,108905.5568,108905.5568
109100.4406,2025-06-22 06:39:00,109143.5526,109042.3334,109093.8343
109038.4327,2025-06-22 06:40:00,109105.1584,109000.4285,109105.1584
108935.0916,2025-06-22 06:41:00,109080.7274,108860.9187,109071.0387
109005.6587,2025-06-22 06:42:00,109013.2859,108884.6082,108938.6485
108836.6161,2025-06-22 06:43:00,109029.477,108836.6161,108993.6762
108828.2327,2025-06-22 06:44:00,108910.6091,108820.1034,108831.3862
108730.0664,2025-06-22 06:45:00,108830.5518,108697.2066,108818.9089
108709.1657,2025-06-22 06:46:00,108767.3427,108661.9656,108713.711
108753.0665,2025-06-22 06:47:00,108848.2159,108693.6705,108705.9654
108862.9242,2025-06-22 06:48:00,108946.4773,108746.0898,108755.9196
108872.0584,2025-06-22 06:49:00,108926.6036,108817.7317,108848.4617
109037.5243,2025-06-22 06:50:00,109047.7429,108873.6867,108873.6867
108941.1828,2025-06-22 06:51:00,109015.3954,108911.1956,109015.3954
108978.7381,2025-06-22 06:52:00,109063.3476,108930.0634,108962.8495
108870.2976,2025-06-22 06:53:00,108957.1669,108830.2421,108957.1669
108861.4706,2025-06-22 06:54:00,108907.7383,108778.2642,108905.2156
108928.5023,2025-06-22 06:55:00,108951.4779,108790.718,108863.9069
108838.0034,2025-06-22 06:56:00,108993.5775,108814.8939,108932.7583
108771.4405,2025-06-22 06:57:00,108865.3827,108750.8417,108827.705
108804.5934,2025-06-22 06:58:00,108849.7823,108742.2756,108765.8303
108577.6966,2025-06-22 06:59:00,108800.4769,108527.6768,108799.5712
108511.1235,2025-06-22 07:00:00,108642.372,108482.9232,108590.1184
108507.3859,2025-06-22 07:01:00,108559.5552,108481.8125,108531.5578
108547.0684,2025-06-22 07:02:00,108576.7355,108459.4673,108498.7732
108529.8253,2025-06-22 07:03:00,108599.0137,108457.9013,108519.5703
108472.4215,2025-06-22 07:04:00,108582.1779,108468.4828,108536.8712
108419.3165,2025-06-22 07:05:00,108464.1071,108329.4422,108464.1071
108527.0717,2025-06-22 07:06:00,108528.5675,108384.6972,108449.5967
108540.9392,2025-06-22 07:07:00,108557.3216,108417.0707,108489.2422
108401.405,2025-06-22 07:08:00,108642.8038,108379.5903,108578.4713
108169.0085,2025-06-22 07:09:00,108402.397,108158.5333,108402.397
108113.0107,2025-06-22 07:10:00,108206.3525,108096.6398,108160.2662
108243.5385,2025-06-22 07:11:00,108292.0024,108113.9751,108113.9751
108153.4488,2025-06-22 07:12:00,108263.9146,108146.2273,108257.092
108065.1294,2025-06-22 07:13:00,108158.5231,108065.1294,108138.1261
107917.0889,2025-06-22 07:14:00,108082.2019,107895.3042,108037.3111
108004.102,2025-06-22 07:15:00,108004.102,107902.1892,107913.9383
107957.7653,2025-06-22 07:16:00,108119.5764,107957.7653,108005.6418
107923.2859,2025-06-22 07:17:00,107983.4168,107880.3297,107927.3399
107990.0932,2025-06-22 07:18:00,107990.5324,107852.8637,107918.0285
108002.741,2025-06-22 07:19:00,108104.1413,107989.3642,108001.0709
107943.0542,2025-06-22 07:20:00,108077.7951,107914.2722,108001.9458
107819.7887,2025-06-22 07:21:00,107951.6537,107773.5048,107942.8715
107916.7831,2025-06-22 07:22:00,107916.7831,107814.3155,107814.3155
107922.4805,2025-06-22 07:23:00,107982.0862,107885.4772,107934.8989
108011.0917,2025-06-22 07:24:00,108030.5626,107928.9218,107930.8233
108012.5031,2025-06-22 07:25:00,108038.5734,107891.4573,108028.6065
107874.8311,2025-06-22 07:26:00,107999.5501,107861.376,107999.5501
107988.7624,2025-06-22 07:27:00,108033.3332,107874.295,107896.3375
107981.7174,2025-06-22 07:28:00,108048.0389,107946.1945,107990.3221
107995.6119,2025-06-22 07:29:00,108088.1699,107951.5524,108007.5921
107963.5389,2025-06-22 07:30:00,108031.9793,107939.5657,107989.5297
108065.2936,2025-06-22 07:31:00,108065.2936,107920.3613,107955.8835
107815.3835,2025-06-22 07:32:00,108049.3822,107792.8386,108049.3822
107781.2288,2025-06-22 07:33:00,107847.3954,107729.4588,107793.0062
107509.471,2025-06-22 07:34:00,107741.1212,107498.152,107741.1212
107510.1369,2025-06-22 07:35:00,107604.5726,107438.2888,107481.5753
107386.2608,2025-06-22 07:36:00,107496.5207,107377.7501,107496.5207
107392.0078,2025-06-22 07:37:00,107418.8368,107299.8001,107415.9585
107438.991,2025-06-22 07:38:00,107449.1084,107366.4828,107366.4828
107435.0021,2025-06-22 07:39:00,107515.3487,107421.2345,107440.6084
107430.2772,2025-06-22 07:40:00,107432.1755,107351.0428,107404.3638
107367.995,2025-06-22 07:41:00,107480.7345,107367.995,107412.1887
107310.8214,2025-06-22 07:42:00,107426.8563,107310.8214,107385.2579
107476.366,2025-06-22 07:43:00,107480.1111,107323.7771,107323.7771
107536.9938,2025-06-22 07:44:00,107536.9938,107374.7935,107465.921
107331.7001,2025-06-22 07:45:00,107555.2605,107311.9698,107545.4561
107356.1184,2025-06-22 07:46:00,107511.946,107344.7568,107344.8496
107273.9297,2025-06-22 07:47:00,107352.0329,107234.5734,107324.3826
107200.0785,2025-06-22 07:48:00,107303.0242,107188.7947,107269.4114
107125.9071,2025-06-22 07:49:00,107256.2468,107125.9071,107194.1575
107044.6243,2025-06-22 07:50:00,107184.3266,107023.7475,107131.982
106857.8362,2025-06-22 07:51:00,107047.0962,106829.1623,107026.712
106930.7693,2025-06-22 07:52:00,106931.8836,106772.3511,106878.0153
107099.8946,2025-06-22 07:53:00,107102.0333,106927.1017,106936.6378
107174.6719,2025-06-22 07:54:00,107240.7487,107118.8658,107143.7985
107153.0952,2025-06-22 07:55:00,107153.0952,107058.3024,107142.0445
107203.4722,2025-06-22 07:56:00,107203.4722,106984.2802,107154.8955
107173.5627,2025-06-22 07:57:00,107238.2517,107157.6234,107193.5448
107159.9721,2025-06-22 07:58:00,107212.3214,107042.5247,107178.7422
107199.0147,2025-06-22 07:59:00,107210.8325,107152.7082,107197.296
107249.7826,2025-06-22 08:00:00,107295.0866,107157.376,107217.7359
107214.9316,2025-06-22 08:01:00,107367.0552,107214.9316,107280.1791
107206.9819,2025-06-22 08:02:00,107227.1481,107103.8171,107182.8624
107260.6604,2025-06-22 08:03:00,107303.5833,107143.3667,107245.1617
107314.1657,2025-06-22 08:04:00,107367.2321,107255.975,107257.7341
107220.1065,2025-06-22 08:05:00,107310.8826,107206.3541,107310.8826
107211.4555,2025-06-22 08:06:00,107234.5731,107102.5749,107204.3843
107173.7855,2025-06-22 08:07:00,107227.6834,107127.0312,107222.5502
107181.6235,2025-06-22 08:08:00,107246.8432,107164.81,107167.6168
107155.2473,2025-06-22 08:09:00,107222.7606,107130.3367,107197.485
107266.3903,2025-06-22 08:10:00,107318.4492,107111.0151,107120.001
107240.9238,2025-06-22 08:11:00,107328.4334,107199.8033,107264.7511
107096.8294,2025-06-22 08:12:00,107272.4705,107045.812,107241.5198
106968.1232,2025-06-22 08:13:00,107091.3593,106917.7454,107081.6409
107035.0133,2025-06-22 08:14:00,107053.8923,106851.6999,106965.416
106965.4605,2025-06-22 08:15:00,107079.273,106945.3487,107046.1982
106842.4298,2025-06-22 08:16:00,106925.7629,106785.9348,106925.7629
106916.9956,2025-06-22 08:17:00,106938.6901,106832.8951,106844.9778
106959.591,2025-06-22 08:18:00,106982.3167,106877.9108,106942.6819
107158.2285,2025-06-22 08:19:00,107176.1352,106980.2564,107007.9884
107101.9313,2025-06-22 08:20:00,107204.644,107067.7889,107164.2921
107063.7044,2025-06-22 08:21:00,107094.0731,106991.8397,107085.3764
106895.8639,2025-06-22 08:22:00,107088.0835,106863.8094,107035.3053
106892.4367,2025-06-22 08:23:00,106991.0409,106821.2083,106856.199
106776.4711,2025-06-22 08:24:00,106930.8926,106776.4711,106919.6134
106705.2834,2025-06-22 08:25:00,106879.9815,106705.2834,106798.0439
106783.5506,2025-06-22 08:26:00,106824.6384,106690.0329,106738.7814
106904.148,2025-06-22 08:27:00,106916.2929,106720.529,106789.6791
107101.2758,2025-06-22 08:28:00,107101.2758,106897.2463,106912.2591
107111.9742,2025-06-22 08:29:00,107131.3431,107004.9999,107094.8491
107245.3738,2025-06-22 08:30:00,107245.3738,107054.0916,107105.6391
107008.7513,2025-06-22 08:31:00,107278.2047,106994.6312,107278.2047
107104.9346,2025-06-22 08:32:00,107175.0232,107020.3823,107039.603
107057.1563,2025-06-22 08:33:00,107113.2053,107015.5009,107113.2053
107061.747,2025-06-22 08:34:00,107122.6657,106993.5568,107067.8095
107253.1288,2025-06-22 08:35:00,107288.8176,107039.1948,107039.1948
107267.3351,2025-06-22 08:36:00,107295.3885,107193.6679,107237.9074
107260.0302,2025-06-22 08:37:00,107367.2685,107238.7724,107258.5291
107283.8038,2025-06-22 08:38:00,107283.8038,107110.07,107236.2978
107135.3909,2025-06-22 08:39:00,107247.6959,107119.5912,107247.6959
107114.0009,2025-06-22 08:40:00,107176.6037,107104.8321,107113.8901
107116.4877,2025-06-22 08:41:00,107116.4877,106999.571,107094.452
106911.2041,2025-06-22 08:42:00,107080.863,106896.0287,107073.5336
106893.8433,2025-06-22 08:43:00,107016.8932,106880.107,106926.2413
106856.4773,2025-06-22 08:44:00,106891.7119,106751.5029,106886.5612
106853.1361,2025-06-22 08:45:00,106891.4085,106746.3455,106847.8302
106681.5284,2025-06-22 08:46:00,106882.9868,106681.5284,106836.5406
106741.1039,2025-06-22 08:47:00,106758.7526,106622.5451,106709.5916
106760.9122,2025-06-22 08:48:00,106842.3919,106675.6532,106750.9979
106690.4601,2025-06-22 08:49:00,106805.836,106690.4601,106768.4854
106592.4246,2025-06-22 08:50:00,106698.2397,106591.031,106698.0954
106627.5101,2025-06-22 08:51:00,106655.1502,106518.092,106613.0785
106570.9975,2025-06-22 08:52:00,106670.6954,106558.3814,106665.3347
106564.1161,2025-06-22 08:53:00,106617.2538,106463.495,106591.979
106486.7994,2025-06-22 08:54:00,106598.8847,106473.5924,106560.1193
106646.753,2025-06-22 08:55:00,106646.753,106464.3014,106464.3014
106396.0544,2025-06-22 08:56:00,106654.1487,106396.0544,106643.2445
106488.6316,2025-06-22 08:57:00,106500.3395,106391.5233,106400.257
106492.1611,2025-06-22 08:58:00,106593.175,106486.1763,106486.3039
106493.4887,2025-06-22 08:59:00,106568.2063,106474.7476,106505.3871
106565.5672,2025-06-22 09:00:00,106593.0319,106515.0713,106520.8515
106696.0707,2025-06-22 09:01:00,106733.8428,106536.8638,106557.9343
106771.7301,2025-06-22 09:02:00,106861.1261,106697.6681,106697.6681
106732.0363,2025-06-22 09:03:00,106841.5902,106714.6027,106759.7915
106709.9732,2025-06-22 09:04:00,106886.4604,106709.9732,106751.9791
106765.9342,2025-06-22 09:05:00,106765.9342,106601.7102,106700.065
106896.4705,2025-06-22 09:06:00,106924.6005,106794.4898,106794.4898
106986.9715,2025-06-22 09:07:00,106986.9715,106863.8969,106883.7164
106997.4512,2025-06-22 09:08:00,107025.1832,106912.7603,107016.736
106880.3536,2025-06-22 09:09:00,107011.3383,106827.649,106985.0218
106890.4421,2025-06-22 09:10:00,106910.4217,106835.9093,106900.3694
106882.119,2025-06-22 09:11:00,106964.1662,106866.2553,106893.8293
107004.8772,2025-06-22 09:12:00,107004.8772,106794.3505,106829.2791
106851.4471,2025-06-22 09:13:00,107010.7269,106851.4471,107007.9516
106905.7265,2025-06-22 09:14:00,106905.7265,106777.0642,106804.9039
106887.1834,2025-06-22 09:15:00,106933.6296,106859.2025,106894.8414
106750.1211,2025-06-22 09:16:00,106912.312,106720.6579,106912.1341
106856.3778,2025-06-22 09:17:00,106859.4072,106775.3618,106784.6735
106881.4555,2025-06-22 09:18:00,106887.9962,106778.8572,106850.7876
106912.6119,2025-06-22 09:19:00,106959.7206,106829.8721,106886.0541
106835.1807,2025-06-22 09:20:00,106921.1771,106812.0005,106921.1771
106836.4481,2025-06-22 09:21:00,106998.6505,106834.6708,106841.7226
106962.5316,2025-06-22 09:22:00,106992.993,106847.2792,106847.2792
106815.7536,2025-06-22 09:23:00,106978.5921,106815.7536,106943.6194
106677.8003,2025-06-22 09:24:00,106834.1096,106590.1315,106834.1096
106709.6814,2025-06-22 09:25:00,106797.0682,106665.6325,106692.8906
107031.0953,2025-06-22 09:26:00,107031.0953,106762.5158,106762.5158
107184.5846,2025-06-22 09:27:00,107203.7997,107006.2509,107017.201
107239.6182,2025-06-22 09:28:00,107259.1612,107102.7944,107175.7781
107321.1142,2025-06-22 09:29:00,107324.7874,107220.739,107267.0277
107440.4772,2025-06-22 09:30:00,107440.4772,107323.9145,107342.1447
107478.7415,2025-06-22 09:31:00,107527.8702,107398.9341,107433.632
107533.5279,2025-06-22 09:32:00,107566.937,107469.0201,107512.7257
107419.6936,2025-06-22 09:33:00,107550.5514,107345.7371,107525.4275
107439.1773,2025-06-22 09:34:00,107503.5988,107336.6331,107427.8362
107385.745,2025-06-22 09:35:00,107424.9956,107332.0599,107424.9956
107316.7794,2025-06-22 09:36:00,107408.7578,107279.1571,107344.4949
107323.6688,2025-06-22 09:37:00,107404.5658,107298.0765,107324.6107
107450.7131,2025-06-22 09:38:00,107535.2046,107309.2313,107351.6109
107551.8554,2025-06-22 09:39:00,107581.4708,107462.0603,107469.467
107350.9176,2025-06-22 09:40:00,107537.7438,107238.3878,107533.9053
107389.032,2025-06-22 09:41:00,107427.4114,107294.3495,107342.8551
107304.0707,2025-06-22 09:42:00,107365.8222,107276.2825,107365.8222
107175.1851,2025-06-22 09:43:00,107271.3438,107142.6991,107271.3438
107068.3267,2025-06-22 09:44:00,107185.073,107068.3267,107168.4025
106953.7461,2025-06-22 09:45:00,107119.1296,106953.7461,107070.476
106855.6898,2025-06-22 09:46:00,106943.2327,106776.6624,106943.2327
106672.0925,2025-06-22 09:47:00,106831.9344,106672.0925,106831.9344
106635.0366,2025-06-22 09:48:00,106665.5685,106579.2076,106665.5685
106575.748,2025-06-22 09:49:00,106673.0571,106575.748,106608.7492
106566.2863,2025-06-22 09:50:00,106597.9684,106420.354,106553.6796
106674.4556,2025-06-22 09:51:00,106688.8581,106484.2529,106529.0396
106511.8259,2025-06-22 09:52:00,106695.849,106501.4545,106695.849
106527.5817,2025-06-22 09:53:00,106623.4821,106476.5242,106501.0308
106642.4219,2025-06-22 09:54:00,106646.5047,106511.4776,106531.9677
106647.2315,2025-06-22 09:55:00,106697.7276,106607.0126,106653.5377
106753.2725,2025-06-22 09:56:00,106765.5216,106628.8124,106648.2314
106612.6536,2025-06-22 09:57:00,106777.7291,106552.1284,106741.2546
106543.4797,2025-06-22 09:58:00,106625.8842,106501.1186,106580.5464
106525.2431,2025-06-22 09:59:00,106655.3157,106472.3813,106568.6725
106476.2364,2025-06-22 10:00:00,106585.8029,106459.083,106515.6573
106361.3984,2025-06-22 10:01:00,106487.2709,106361.3984,106487.2709
106316.3871,2025-06-22 10:02:00,106325.2691,106254.9171,106325.2691
106368.629,2025-06-22 10:03:00,106375.6525,106301.9968,106328.5986
106335.0426,2025-06-22 10:04:00,106392.4261,106321.8148,106361.4232
106300.962,2025-06-22 10:05:00,106375.8257,106257.4803,106312.5883
106229.9343,2025-06-22 10:06:00,106315.9684,106175.582,106296.4608
106296.2437,2025-06-22 10:07:00,106350.6909,106213.5651,106225.9012
106527.1694,2025-06-22 10:08:00,106530.6076,106325.3263,106325.3263
106574.016,2025-06-22 10:09:00,106618.5019,106514.464,106528.136
106612.7039,2025-06-22 10:10:00,106623.4947,106539.347,106544.4922
106645.4341,2025-06-22 10:11:00,106649.3401,106494.9805,106574.5103
106654.347,2025-06-22 10:12:00,106736.1152,106651.341,106651.341
106740.4632,2025-06-22 10:13:00,106764.319,106646.8026,106646.8026
106703.5635,2025-06-22 10:14:00,106843.3665,106703.5635,106776.916
106497.2553,2025-06-22 10:15:00,106713.417,106467.515,106713.417
106565.7087,2025-06-22 10:16:00,106626.8368,106477.0391,106488.7419
106491.5652,2025-06-22 10:17:00,106596.2506,106465.1828,106559.7112
106504.3349,2025-06-22 10:18:00,106565.7983,106446.6648,106479.7822
106564.4246,2025-06-22 10:19:00,106572.2297,106436.5921,106512.5661
106674.465,2025-06-22 10:20:00,106694.4826,106555.2652,106555.2652
106712.3084,2025-06-22 10:21:00,106748.7405,106655.738,106681.7718
106858.045,2025-06-22 10:22:00,106863.5201,106683.1997,106700.1572
106735.8491,2025-06-22 10:23:00,106918.1771,106707.3681,106853.5101
106835.9022,2025-06-22 10:24:00,106871.0043,106724.5772,106771.4449
106917.8286,2025-06-22 10:25:00,106945.7996,106815.2543,106820.5442
106947.0584,2025-06-22 10:26:00,107020.411,106907.3227,106907.3227
107300.4399,2025-06-22 10:27:00,107323.7726,106963.0677,106965.0095
107339.0428,2025-06-22 10:28:00,107339.0428,107205.7433,107297.7022
107531.2327,2025-06-22 10:29:00,107536.716,107330.4111,107330.4111
107643.2403,2025-06-22 10:30:00,107667.6206,107471.5768,107510.4184
107589.6759,2025-06-22 10:31:00,107769.6493,107581.2035,107660.5169
107506.4306,2025-06-22 10:32:00,107604.471,107372.0809,107600.9786
107539.2496,2025-06-22 10:33:00,107639.1375,107498.7086,107503.8238
107656.4032,2025-06-22 10:34:00,107693.8405,107507.6684,107517.6656
107431.8484,2025-06-22 10:35:00,107697.2456,107431.8484,107671.499
107319.7043,2025-06-22 10:36:00,107456.5556,107306.076,107405.44
107301.947,2025-06-22 10:37:00,107334.497,107236.3368,107311.8329
107266.5482,2025-06-22 10:38:00,107349.0576,107238.235,107293.5159
107370.4859,2025-06-22 10:39:00,107370.4859,107181.6577,107250.6569
107449.1199,2025-06-22 10:40:00,107449.1199,107290.8735,107365.9251
107340.5308,2025-06-22 10:41:00,107474.9934,107313.3631,107435.7075
107379.2703,2025-06-22 10:42:00,107379.2703,107269.5778,107320.1887
107465.9442,2025-06-22 10:43:00,107544.8319,107350.064,107361.0547
107515.0975,2025-06-22 10:44:00,107526.7399,107374.0532,107434.8749
107490.1237,2025-06-22 10:45:00,107569.6955,107429.4869,107518.4787
107510.7021,2025-06-22 10:46:00,107605.8452,107459.6957,107511.2861
107596.927,2025-06-22 10:47:00,107604.3212,107488.1275,107552.0375
107435.0233,2025-06-22 10:48:00,107635.7361,107435.0233,107566.9705
107332.4379,2025-06-22 10:49:00,107421.9804,107307.762,107421.9804
107420.9583,2025-06-22 10:50:00,107458.4295,107338.4825,107338.4825
107462.7158,2025-06-22 10:51:00,107463.1181,107361.4453,107404.6136
107511.2383,2025-06-22 10:52:00,107564.9203,107406.1348,107481.3214
107479.6018,2025-06-22 10:53:00,107644.7833,107479.6018,107541.7052
107435.9728,2025-06-22 10:54:00,107503.3818,107365.8314,107503.3818
107647.9708,2025-06-22 10:55:00,107676.6022,107441.2587,107454.1692
107864.2977,2025-06-22 10:56:00,107864.2977,107666.4193,107666.4193
107688.4506,2025-06-22 10:57:00,107913.7958,107688.4506,107913.7958
107536.0393,2025-06-22 10:58:00,107701.8481,107509.0095,107701.8481
107599.8074,2025-06-22 10:59:00,107644.8412,107510.6537,107510.6537
107516.7211,2025-06-22 11:00:00,107611.2243,107451.9443,107611.2243
107453.7004,2025-06-22 11:01:00,107547.696,107404.5943,107525.9124
107580.1139,2025-06-22 11:02:00,107626.561,107426.2257,107426.2257
107430.6316,2025-06-22 11:03:00,107597.7902,107429.7453,107597.7902
107463.3108,2025-06-22 11:04:00,107504.6319,107438.1777,107465.3097
107623.9874,2025-06-22 11:05:00,107623.9874,107401.9188,107464.577
107717.9497,2025-06-22 11:06:00,107761.881,107613.1018,107619.4392
107493.7032,2025-06-22 11:07:00,107757.7578,107417.3313,107711.242
107460.952,2025-06-22 11:08:00,107549.3982,107379.0266,107479.3131
107614.0431,2025-06-22 11:09:00,107639.8386,107464.474,107464.474
107528.6775,2025-06-22 11:10:00,107647.0922,107476.8283,107609.7191
107636.8857,2025-06-22 11:11:00,107642.8653,107507.1582,107521.2551
107448.307,2025-06-22 11:12:00,107665.606,107444.4892,107665.606
107638.5752,2025-06-22 11:13:00,107648.1592,107463.5899,107463.5899
107844.1819,2025-06-22 11:14:00,107858.5649,107645.9156,107645.9156
107864.4691,2025-06-22 11:15:00,107926.2675,107819.7565,107872.547
107714.4991,2025-06-22 11:16:00,107869.7372,107659.6843,107849.7695
107645.7995,2025-06-22 11:17:00,107809.6529,107602.4982,107737.7298
107713.4795,2025-06-22 11:18:00,107713.4795,107564.4565,107681.5251
107642.0278,2025-06-22 11:19:00,107759.4356,107642.0278,107695.2931
107418.2836,2025-06-22 11:20:00,107630.636,107405.6081,107630.636
107423.9401,2025-06-22 11:21:00,107480.8192,107417.8808,107446.632
107466.4145,2025-06-22 11:22:00,107527.0929,107431.962,107431.962
107629.011,2025-06-22 11:23:00,107629.011,107464.0208,107465.9519
107643.4258,2025-06-22 11:24:00,107668.3904,107560.9251,107656.6097
107807.9157,2025-06-22 11:25:00,107818.5281,107631.989,107638.906
107847.1996,2025-06-22 11:26:00,107847.1996,107738.4253,107819.4209
108021.2275,2025-06-22 11:27:00,108063.5728,107847.0704,107847.0704
108100.1937,2025-06-22 11:28:00,108159.6355,108014.7002,108027.9246
108036.4473,2025-06-22 11:29:00,108106.3343,108032.7015,108106.3343
108076.606,2025-06-22 11:30:00,108107.2994,108027.961,108029.8096
108036.2735,2025-06-22 11:31:00,108076.5779,107953.7448,108070.928
108054.1544,2025-06-22 11:32:00,108103.8888,108005.9685,108035.2415
108195.4815,2025-06-22 11:33:00,108199.7028,108032.7735,108061.9309
108061.1216,2025-06-22 11:34:00,108202.4376,108061.1216,108184.0858
108217.2589,2025-06-22 11:35:00,108217.2589,108105.8059,108117.9242
108050.7026,2025-06-22 11:36:00,108240.2796,108019.6264,108203.9921
108238.8559,2025-06-22 11:37:00,108240.1082,108066.6811,108066.6811
108265.8632,2025-06-22 11:38:00,108305.459,108181.315,108245.8951
108239.3484,2025-06-22 11:39:00,108284.1175,108111.3184,108274.5584
108220.7792,2025-06-22 11:40:00,108277.8672,108165.4694,108232.1999
108193.9847,2025-06-22 11:41:00,108253.4552,108133.4796,108253.4552
108215.2572,2025-06-22 11:42:00,108261.038,108144.3015,108174.4813
108075.3036,2025-06-22 11:43:00,108218.046,108075.3036,108211.1705
107955.9628,2025-06-22 11:44:00,108142.5953,107955.9628,108073.8777
108125.806,2025-06-22 11:45:00,108210.5727,107950.5626,107950.5626
107995.4664,2025-06-22 11:46:00,108080.0785,107938.9578,108080.0785
108103.0436,2025-06-22 11:47:00,108103.0436,107920.8756,108022.2657
108177.2912,2025-06-22 11:48:00,108193.3054,108088.0055,108122.0109
108308.3396,2025-06-22 11:49:00,108328.0544,108171.577,108193.4371
108283.3904,2025-06-22 11:50:00,108329.8422,108235.4097,108294.7065
108184.8359,2025-06-22 11:51:00,108340.4131,108149.7045,108279.9453
108129.8022,2025-06-22 11:52:00,108197.4897,108089.8406,108188.8102
107948.1242,2025-06-22 11:53:00,108155.0171,107887.963,108137.6018
108004.9669,2025-06-22 11:54:00,108004.9669,107903.3611,107932.726
107964.0865,2025-06-22 11:55:00,108047.8956,107911.2093,107999.0553
108184.6297,2025-06-22 11:56:00,108184.6297,107949.8599,107976.939
108195.3216,2025-06-22 11:57:00,108285.7637,108146.1437,108195.9072
108137.0862,2025-06-22 11:58:00,108269.6373,108127.295,108185.7255
108183.2432,2025-06-22 11:59:00,108238.9616,108142.0347,108149.6644
108148.3755,2025-06-22 12:00:00,108192.249,108081.4237,108165.4001
108095.236,2025-06-22 12:01:00,108176.8259,108043.8699,108145.4005
108119.9747,2025-06-22 12:02:00,108206.1303,108070.3527,108098.573
108057.3521,2025-06-22 12:03:00,108114.5958,107963.6197,108111.9739
108112.1471,2025-06-22 12:04:00,108114.2501,108001.84,108078.8687
108042.3323,2025-06-22 12:05:00,108113.0939,108002.5215,108113.0939
108244.2822,2025-06-22 12:06:00,108244.2822,107927.8614,107998.8851
108336.7295,2025-06-22 12:07:00,108377.5229,108219.2692,108219.2692
108404.2929,2025-06-22 12:08:00,108437.8057,108336.9265,108337.3872
108295.1314,2025-06-22 12:09:00,108436.2806,108270.724,108436.2806
108360.7595,2025-06-22 12:10:00,108386.3927,108263.287,108315.471
108523.0943,2025-06-22 12:11:00,108534.1074,108366.4679,108366.4679
108453.5174,2025-06-22 12:12:00,108500.7222,108380.2552,108478.303
108341.5446,2025-06-22 12:13:00,108450.1781,108341.5446,108420.1596
108571.3945,2025-06-22 12:14:00,108642.7434,108338.9005,108338.9005
108485.7897,2025-06-22 12:15:00,108608.5232,108474.7641,108604.6735
108516.476,2025-06-22 12:16:00,108540.5866,108476.0869,108480.962
108459.7863,2025-06-22 12:17:00,108593.9229,108410.7199,108534.1274
108589.532,2025-06-22 12:18:00,108604.6111,108464.4336,108482.1705
108437.046,2025-06-22 12:19:00,108615.2074,108363.6458,108603.0861
108592.7036,2025-06-22 12:20:00,108622.5913,108427.1606,108465.7369
108739.5634,2025-06-22 12:21:00,108739.5634,108570.431,108575.0653
108600.837,2025-06-22 12:22:00,108766.5356,108600.837,108766.5356
108703.6876,2025-06-22 12:23:00,108715.4699,108581.5651,108581.9487
108651.7377,2025-06-22 12:24:00,108780.532,108651.7377,108736.6458
108672.6639,2025-06-22 12:25:00,108708.6725,108600.9416,108626.1038
108695.1405,2025-06-22 12:26:00,108702.7545,108600.8894,108647.4179
108729.2397,2025-06-22 12:27:00,108734.5977,108628.6446,108685.1162
108882.8617,2025-06-22 12:28:00,108882.8617,108679.1951,108764.5626
108801.2718,2025-06-22 12:29:00,108991.6235,108785.6776,108889.0188
108861.7731,2025-06-22 12:30:00,108861.7731,108754.7326,108826.8864
108945.6659,2025-06-22 12:31:00,108968.662,108810.7499,108865.1157
108951.0663,2025-06-22 12:32:00,108965.0966,108858.9866,108934.0425
108849.095,2025-06-22 12:33:00,108983.8912,108846.4102,108945.5349
108835.449,2025-06-22 12:34:00,108854.9231,108757.7456,108826.7727
108832.2975,2025-06-22 12:35:00,108867.4361,108768.2543,108805.0001
108840.9211,2025-06-22 12:36:00,108921.1175,108802.2301,108859.4769
108959.8987,2025-06-22 12:37:00,108971.3996,108788.5102,108854.1466
109042.0619,2025-06-22 12:38:00,109042.0619,108946.7431,108980.1447
109025.2732,2025-06-22 12:39:00,109025.2732,108947.5075,109019.1401
109072.4618,2025-06-22 12:40:00,109157.6296,109032.5927,109042.0025
109031.2814,2025-06-22 12:41:00,109107.0612,109024.1186,109071.9587
109015.4918,2025-06-22 12:42:00,109048.8633,108983.2021,109009.8197
109130.5496,2025-06-22 12:43:00,109213.0048,109049.3047,109049.3047
109133.4194,2025-06-22 12:44:00,109217.655,109125.5587,109152.7954
109203.8612,2025-06-22 12:45:00,109203.8612,109077.2842,109132.2593
109195.4735,2025-06-22 12:46:00,109264.7599,109178.2482,109235.1754
109254.1958,2025-06-22 12:47:00,109265.0574,109119.904,109202.3366
109291.8234,2025-06-22 12:48:00,109368.6931,109203.2507,109236.2855
109365.8965,2025-06-22 12:49:00,109395.8077,109226.073,109277.9745
109177.217,2025-06-22 12:50:00,109378.9005,109177.217,109378.9005
109029.9451,2025-06-22 12:51:00,109148.3148,108993.1489,109148.3148
108961.0491,2025-06-22 12:52:00,109036.472,108961.0491,109019.3445
109045.7537,2025-06-22 12:53:00,109061.5151,108905.0749,108958.5516
109268.6638,2025-06-22 12:54:00,109354.6395,109048.766,109048.766
109303.3131,2025-06-22 12:55:00,109364.6557,109239.8695,109290.0497
109441.8739,2025-06-22 12:56:00,109442.0032,109300.4259,109300.4259
109388.5031,2025-06-22 12:57:00,109451.9332,109357.2021,109451.9332
109399.9444,2025-06-22 12:58:00,109460.7123,109354.1267,109392.2284
109308.0317,2025-06-22 12:59:00,109412.1908,109275.9609,109398.99
109173.9515,2025-06-22 13:00:00,109302.4926,109173.9515,109292.8056
109141.446,2025-06-22 13:01:00,109230.2314,109083.247,109213.9034
109198.0447,2025-06-22 13:02:00,109198.0447,109053.9057,109118.3982
109224.0709,2025-06-22 13:03:00,109253.1206,109181.5868,109181.5868
109230.2789,2025-06-22 13:04:00,109288.2593,109219.2221,109221.4234
109231.7856,2025-06-22 13:05:00,109256.8681,109123.4513,109205.4378
109257.4984,2025-06-22 13:06:00,109319.6934,109175.4218,109179.9165
109419.4815,2025-06-22 13:07:00,109443.399,109240.3752,109240.3752
109443.4237,2025-06-22 13:08:00,109466.3787,109362.7371,109433.6404
109354.2917,2025-06-22 13:09:00,109502.1246,109354.2917,109434.4059
109513.986,2025-06-22 13:10:00,109513.986,109339.9854,109343.1816
109478.8355,2025-06-22 13:11:00,109523.4843,109433.814,109504.0283
109485.8414,2025-06-22 13:12:00,109521.0549,109384.5114,109489.8741
109599.256,2025-06-22 13:13:00,109622.4656,109450.3347,109483.291
109440.9696,2025-06-22 13:14:00,109658.2776,109423.8959,109604.2667
109503.4084,2025-06-22 13:15:00,109642.986,109410.4982,109413.4265
109542.6561,2025-06-22 13:16:00,109587.0936,109484.1778,109484.1778
109633.1924,2025-06-22 13:17:00,109677.894,109544.9374,109544.9374
109595.923,2025-06-22 13:18:00,109645.8541,109510.5351,109645.8541
109666.1854,2025-06-22 13:19:00,109690.1568,109562.4344,109587.9507
109502.9437,2025-06-22 13:20:00,109682.7522,109502.9437,109664.4253
109617.5808,2025-06-22 13:21:00,109617.5808,109489.9687,109520.5936
109459.4948,2025-06-22 13:22:00,109637.9567,109453.9134,109625.9452
109365.9848,2025-06-22 13:23:00,109519.4002,109323.3775,109472.1111
109355.2004,2025-06-22 13:24:00,109414.5891,109278.4811,109352.4898
109482.638,2025-06-22 13:25:00,109482.638,109364.7821,109379.6585
109220.608,2025-06-22 13:26:00,109476.3365,109220.608,109471.8501
109181.54,2025-06-22 13:27:00,109269.586,109102.5765,109184.0561
109329.3173,2025-06-22 13:28:00,109362.6794,109116.3331,109159.5209
109361.0012,2025-06-22 13:29:00,109428.0477,109301.6347,109340.6846
109491.704,2025-06-22 13:30:00,109530.5985,109335.7051,109335.7051
109447.4391,2025-06-22 13:31:00,109481.7005,109372.3776,109477.7933
109301.0761,2025-06-22 13:32:00,109469.5541,109301.0761,109431.6248
109158.2954,2025-06-22 13:33:00,109317.155,109136.7821,109317.155
109212.2329,2025-06-22 13:34:00,109260.4592,109108.6712,109136.7433
109285.1509,2025-06-22 13:35:00,109356.866,109181.055,109196.3305
109415.6685,2025-06-22 13:36:00,109443.4947,109300.7334,109300.7334
109342.6358,2025-06-22 13:37:00,109459.8586,109295.4095,109434.9988
109247.7011,2025-06-22 13:38:00,109362.4783,109226.5384,109333.1319
109169.9858,2025-06-22 13:39:00,109258.6202,109126.7922,109252.1614
109134.5424,2025-06-22 13:40:00,109220.4192,109106.1212,109186.2786
108965.984,2025-06-22 13:41:00,109163.5884,108963.9706,109163.5884
108998.5225,2025-06-22 13:42:00,109022.3035,108968.459,109009.8048
108951.4798,2025-06-22 13:43:00,109181.9218,108944.8178,109035.5761
109099.818,2025-06-22 13:44:00,109099.818,108896.0037,108930.457
109215.2636,2025-06-22 13:45:00,109238.2228,109093.7685,109135.0484
109411.8033,2025-06-22 13:46:00,109422.3027,109164.2464,109268.3141
109462.2628,2025-06-22 13:47:00,109482.7167,109312.5476,109442.5924
109414.7158,2025-06-22 13:48:00,109454.6416,109362.3234,109454.6416
109573.2837,2025-06-22 13:49:00,109588.6535,109366.8541,109386.771
109573.7733,2025-06-22 13:50:00,109630.281,109512.1545,109531.0454
109638.4267,2025-06-22 13:51:00,109640.0792,109513.1414,109554.7484
109474.7092,2025-06-22 13:52:00,109653.596,109420.154,109625.3577
109535.7331,2025-06-22 13:53:00,109535.7331,109419.3275,109478.177
109576.345,2025-06-22 13:54:00,109634.2877,109544.5898,109554.1666
109564.1465,2025-06-22 13:55:00,109660.0001,109538.2017,109565.6078
109407.9193,2025-06-22 13:56:00,109540.372,109343.9938,109540.372
109513.4807,2025-06-22 13:57:00,109513.4807,109401.2791,109401.2791
109509.9546,2025-06-22 13:58:00,109637.6475,109456.3825,109502.7206
109522.5384,2025-06-22 13:59:00,109538.5071,109404.7641,109511.6614
109548.3293,2025-06-22 14:00:00,109573.3899,109430.612,109484.2984
109680.5435,2025-06-22 14:01:00,109733.2575,109541.371,109572.1412
109361.0268,2025-06-22 14:02:00,109676.9879,109341.5034,109669.7508
109373.0941,2025-06-22 14:03:00,109494.234,109339.4348,109378.7479
109348.5544,2025-06-22 14:04:00,109413.5473,109322.6996,109361.6212
109344.6367,2025-06-22 14:05:00,109380.3241,109284.4719,109339.8881
109276.1915,2025-06-22 14:06:00,109346.4321,109198.0323,109346.4321
109394.218,2025-06-22 14:07:00,109394.218,109195.8359,109312.4147
109493.9619,2025-06-22 14:08:00,109493.9619,109327.7638,109398.6124
109398.4222,2025-06-22 14:09:00,109479.1726,109331.3971,109479.1726
109288.7084,2025-06-22 14:10:00,109402.8057,109288.7084,109402.8057
109291.8031,2025-06-22 14:11:00,109327.8106,109249.2607,109280.6877
109202.9748,2025-06-22 14:12:00,109321.2694,109202.3375,109274.9168
109184.4966,2025-06-22 14:13:00,109276.0485,109184.4966,109198.6642
109210.4602,2025-06-22 14:14:00,109253.2176,109143.0746,109167.0921
109098.7196,2025-06-22 14:15:00,109276.2648,109096.5513,109212.921
108917.4271,2025-06-22 14:16:00,109131.1627,108894.6614,109087.0063
108828.1292,2025-06-22 14:17:00,108988.9037,108828.1292,108870.9175
108705.2461,2025-06-22 14:18:00,108893.6077,108699.6973,108832.5746
108910.0719,2025-06-22 14:19:00,108910.0719,108686.4131,108686.4131
108987.4386,2025-06-22 14:20:00,109012.6759,108910.4769,108935.1479
108962.476,2025-06-22 14:21:00,109043.972,108925.3537,108996.7382
109023.5292,2025-06-22 14:22:00,109023.5292,108892.7379,108951.9194
108999.2985,2025-06-22 14:23:00,109038.4097,108937.9546,109019.7883
109072.8544,2025-06-22 14:24:00,109134.1447,108992.9169,108992.9169
108946.9842,2025-06-22 14:25:00,109080.6376,108851.991,109049.6174
108931.1182,2025-06-22 14:26:00,109003.1943,108872.5284,108943.5014
109033.16,2025-06-22 14:27:00,109086.7218,108909.4466,108942.4748
109140.7418,2025-06-22 14:28:00,109151.2837,108994.9394,109043.7486
109155.4679,2025-06-22 14:29:00,109155.4679,109058.0324,109129.9468
109390.9102,2025-06-22 14:30:00,109391.1357,109144.7634,109144.7634
109586.4247,2025-06-22 14:31:00,109586.4247,109371.2169,109391.0986
109516.6657,2025-06-22 14:32:00,109707.9369,109485.5053,109597.0384
109383.8128,2025-06-22 14:33:00,109547.0119,109383.8128,109505.8183
109385.2339,2025-06-22 14:34:00,109499.1749,109385.2339,109393.9045
109368.0146,2025-06-22 14:35:00,109441.1047,109248.0852,109363.4477
109230.8165,2025-06-22 14:36:00,109398.8314,109220.8436,109359.9519
109287.5605,2025-06-22 14:37:00,109297.1635,109188.2174,109236.3075
109471.1775,2025-06-22 14:38:00,109471.1775,109272.5689,109272.5689
109472.5863,2025-06-22 14:39:00,109483.3018,109403.4095,109453.0364
109445.4218,2025-06-22 14:40:00,109512.1938,109424.9129,109468.4382
109447.3487,2025-06-22 14:41:00,109477.3414,109356.4478,109417.3931
109737.2993,2025-06-22 14:42:00,109739.9356,109476.8252,109476.8252
109766.537,2025-06-22 14:43:00,109795.1396,109641.6441,109753.168
109688.7387,2025-06-22 14:44:00,109802.5838,109657.4186,109789.6998
109544.3556,2025-06-22 14:45:00,109676.2778,109514.5207,109671.7656
109335.8205,2025-06-22 14:46:00,109519.9173,109318.6579,109507.5166
109402.6887,2025-06-22 14:47:00,109402.6887,109271.2769,109331.2119
109149.2028,2025-06-22 14:48:00,109429.577,109149.2028,109427.3319
109098.9584,2025-06-22 14:49:00,109130.6265,109010.3846,109130.6265
108993.0495,2025-06-22 14:50:00,109119.3663,108993.0495,109106.5604
109086.0579,2025-06-22 14:51:00,109086.0579,108939.8641,108990.1217
109124.9468,2025-06-22 14:52:00,109184.0758,109093.0815,109093.0815
109060.0644,2025-06-22 14:53:00,109147.8566,109037.4871,109124.4434
109069.5127,2025-06-22 14:54:00,109084.0037,108971.3901,109071.8642
109155.6314,2025-06-22 14:55:00,109197.1941,109047.5175,109075.2718
109195.5339,2025-06-22 14:56:00,109195.5339,109093.5079,109150.4715
109406.5849,2025-06-22 14:57:00,109406.5849,109213.1993,109213.1993
109530.8532,2025-06-22 14:58:00,109530.8532,109266.4966,109399.9572
109393.021,2025-06-22 14:59:00,109537.1334,109385.5832,109530.5088
109482.8478,2025-06-22 15:00:00,109550.9475,109367.6225,109378.0898
109576.1146,2025-06-22 15:01:00,109623.0768,109476.2226,109511.0939
109544.2452,2025-06-22 15:02:00,109559.3835,109450.8993,109559.3835
109521.4366,2025-06-22 15:03:00,109586.5894,109426.5173,109563.5407
109524.3332,2025-06-22 15:04:00,109536.4056,109427.3861,109536.4056
109356.4622,2025-06-22 15:05:00,109519.4315,109356.0156,109492.434
109504.4099,2025-06-22 15:06:00,109504.6555,109331.8085,109331.8085
109477.0295,2025-06-22 15:07:00,109514.6252,109445.8631,109514.6252
109552.8208,2025-06-22 15:08:00,109569.3537,109391.8865,109468.375
109643.7549,2025-06-22 15:09:00,109687.7053,109491.7828,109531.89
109851.5174,2025-06-22 15:10:00,109851.5174,109664.2402,109675.8086
109927.4488,2025-06-22 15:11:00,109927.4488,109779.5724,109828.519
110095.3384,2025-06-22 15:12:00,110104.3544,109939.075,109943.8227
110169.2078,2025-06-22 15:13:00,110201.4935,110083.5768,110083.5768
110046.5137,2025-06-22 15:14:00,110170.7546,109981.0221,110170.7546
110078.473,2025-06-22 15:15:00,110078.473,109962.7766,110050.5101
110206.8623,2025-06-22 15:16:00,110257.2139,110029.3292,110074.1341
110271.2507,2025-06-22 15:17:00,110316.3126,110242.9612,110242.9612
110128.846,2025-06-22 15:18:00,110294.2483,110128.846,110248.2679
109972.8169,2025-06-22 15:19:00,110255.6831,109972.8169,110154.7018
110044.85,2025-06-22 15:20:00,110044.85,109927.0023,109978.9955
109994.997,2025-06-22 15:21:00,110111.0895,109981.0669,110041.8101
109919.7362,2025-06-22 15:22:00,109980.3341,109886.8023,109980.3341
109811.6791,2025-06-22 15:23:00,109932.4352,109767.3936,109921.0855
109943.2847,2025-06-22 15:24:00,109943.2847,109819.6808,109819.6808
109836.8979,2025-06-22 15:25:00,109953.5642,109821.0416,109906.2279
109806.3778,2025-06-22 15:26:00,109836.5786,109733.7339,109831.6758
109911.5031,2025-06-22 15:27:00,109923.8266,109805.1713,109809.9558
109939.1322,2025-06-22 15:28:00,110032.7187,109925.7125,109925.7125
109995.1139,2025-06-22 15:29:00,110012.3089,109910.4612,109960.8343
110006.7277,2025-06-22 15:30:00,110015.9634,109905.375,110006.2611
109812.792,2025-06-22 15:31:00,109984.0608,109812.792,109983.9013
109616.7722,2025-06-22 15:32:00,109788.8432,109604.8323,109788.8432
109511.9357,2025-06-22 15:33:00,109660.8116,109493.1703,109658.4983
109666.7205,2025-06-22 15:34:00,109666.7205,109492.9771,109506.5863
109474.7115,2025-06-22 15:35:00,109673.441,109474.7115,109673.441
109466.6126,2025-06-22 15:36:00,109507.7851,109391.853,109483.5441
109379.8926,2025-06-22 15:37:00,109473.7347,109347.9136,109473.7347
109581.0111,2025-06-22 15:38:00,109597.7013,109357.9599,109391.517
109551.7208,2025-06-22 15:39:00,109609.2896,109533.7212,109562.9522
109524.0908,2025-06-22 15:40:00,109537.5837,109389.074,109518.2967
109752.1226,2025-06-22 15:41:00,109752.1226,109520.101,109522.0848
109770.6448,2025-06-22 15:42:00,109846.4229,109704.6844,109732.7614
110018.8144,2025-06-22 15:43:00,110047.9099,109786.8073,109786.8073
109782.5356,2025-06-22 15:44:00,110031.0664,109782.5356,110023.3604
109826.7862,2025-06-22 15:45:00,109910.0325,109789.0972,109792.8681
109989.025,2025-06-22 15:46:00,110006.7697,109825.3916,109825.6348
110034.344,2025-06-22 15:47:00,110110.4452,109964.3119,109997.6506
110070.4939,2025-06-22 15:48:00,110109.933,110019.9824,110052.9128
110177.0979,2025-06-22 15:49:00,110349.3384,110103.7999,110136.0742
110016.1818,2025-06-22 15:50:00,110182.8175,110016.1818,110171.9754
110160.0402,2025-06-22 15:51:00,110191.5109,109981.2593,110017.5141
110061.5715,2025-06-22 15:52:00,110157.2888,110048.4017,110128.0878
110227.7765,2025-06-22 15:53:00,110227.7765,110023.3678,110076.3911
110062.8846,2025-06-22 15:54:00,110209.5628,110015.6054,110209.5628
109910.357,2025-06-22 15:55:00,110113.2116,109894.9466,110078.9687
109658.6905,2025-06-22 15:56:00,109905.8873,109652.3112,109905.8873
109712.9707,2025-06-22 15:57:00,109756.088,109626.8459,109696.7535
109819.9818,2025-06-22 15:58:00,109819.9818,109729.3682,109746.6464
109937.7814,2025-06-22 15:59:00,109955.6517,109813.8233,109834.0327
109906.8874,2025-06-22 16:00:00,109998.1852,109900.0023,109939.347
109980.8401,2025-06-22 16:01:00,110073.5088,109900.0514,109910.5647
109978.8618,2025-06-22 16:02:00,110056.6453,109953.8936,109976.1911
110179.2829,2025-06-22 16:03:00,110179.2829,109967.5187,109967.5187
109978.2295,2025-06-22 16:04:00,110162.1162,109978.2295,110162.1162
110056.4164,2025-06-22 16:05:00,110073.887,109962.6062,110004.1829
109969.5857,2025-06-22 16:06:00,110033.1061,109884.9541,110033.1061
109995.6421,2025-06-22 16:07:00,110063.9452,109908.5763,109964.3451
109859.9217,2025-06-22 16:08:00,110030.0753,109826.9913,109992.8113
109834.8499,2025-06-22 16:09:00,109903.6414,109747.2399,109903.6414
109958.2059,2025-06-22 16:10:00,109958.2059,109831.1457,109850.8126
109914.3288,2025-06-22 16:11:00,109962.3242,109855.3956,109962.3242
109900.2697,2025-06-22 16:12:00,109943.3427,109811.669,109923.9527
109888.5984,2025-06-22 16:13:00,109907.6022,109730.3427,109891.7416
109853.3892,2025-06-22 16:14:00,109903.5881,109778.6907,109891.4175
109846.6726,2025-06-22 16:15:00,109885.8179,109741.1353,109857.2658
109841.9099,2025-06-22 16:16:00,109912.665,109803.3235,109857.5215
109814.3622,2025-06-22 16:17:00,109876.073,109780.8209,109871.0813
109821.5061,2025-06-22 16:18:00,109843.2557,109730.191,109788.4529
109871.2356,2025-06-22 16:19:00,109880.4312,109818.1347,109843.7488
109934.3595,2025-06-22 16:20:00,109952.3971,109758.9611,109834.1244
109787.9848,2025-06-22 16:21:00,109923.6005,109698.2273,109923.6005
109772.158,2025-06-22 16:22:00,109832.3396,109679.5679,109805.0852
110070.7397,2025-06-22 16:23:00,110070.7397,109805.4792,109805.4792
110065.038,2025-06-22 16:24:00,110081.1624,109994.962,110078.5901
110080.2285,2025-06-22 16:25:00,110106.8323,110038.0951,110078.9174
110024.774,2025-06-22 16:26:00,110091.6255,110018.715,110060.3432
110233.7573,2025-06-22 16:27:00,110233.7573,110052.0606,110052.0606
110252.0478,2025-06-22 16:28:00,110323.3908,110197.6336,110277.5325
110468.6923,2025-06-22 16:29:00,110468.6923,110270.9918,110270.9918
110425.2819,2025-06-22 16:30:00,110598.8301,110425.2819,110497.2705
110420.7779,2025-06-22 16:31:00,110436.4571,110300.8702,110416.5111
110551.3592,2025-06-22 16:32:00,110572.9867,110402.684,110402.684
110514.7618,2025-06-22 16:33:00,110581.9622,110456.6026,110535.531
110578.349,2025-06-22 16:34:00,110578.349,110461.9952,110472.9848
110611.9484,2025-06-22 16:35:00,110656.5712,110560.3819,110598.6927
110761.8663,2025-06-22 16:36:00,110764.5194,110600.165,110642.5712
110796.9427,2025-06-22 16:37:00,110852.3045,110727.3634,110752.2204
110938.2814,2025-06-22 16:38:00,110943.3711,110710.3049,110797.7629
110816.144,2025-06-22 16:39:00,110991.2134,110801.045,110952.3229
110958.534,2025-06-22 16:40:00,110958.534,110822.9006,110822.9006
110839.2307,2025-06-22 16:41:00,110996.5832,110835.331,110965.349
110934.3079,2025-06-22 16:42:00,110937.6781,110809.5106,110868.6324
110997.3505,2025-06-22 16:43:00,111038.4981,110915.2288,110941.0528
111183.9693,2025-06-22 16:44:00,111219.0785,111008.7503,111023.4181
111190.7041,2025-06-22 16:45:00,111268.5043,111126.7382,111170.2502
111281.2371,2025-06-22 16:46:00,111361.2166,111186.3854,111186.3854
111311.0355,2025-06-22 16:47:00,111523.7022,111299.6517,111299.6517
111481.1634,2025-06-22 16:48:00,111520.1884,111297.0634,111297.0634
111561.7955,2025-06-22 16:49:00,111615.3689,111459.4856,111466.9075
111500.3888,2025-06-22 16:50:00,111566.9101,111472.6103,111557.1195
111796.4701,2025-06-22 16:51:00,111797.5232,111507.3288,111513.4792
111910.9949,2025-06-22 16:52:00,111913.8536,111772.5964,111800.4126
112023.6551,2025-06-22 16:53:00,112055.8545,111935.8417,111935.8417
112149.2104,2025-06-22 16:54:00,112189.5858,112007.5632,112056.4954
112193.4826,2025-06-22 16:55:00,112193.4826,112025.4154,112127.3347
112293.1884,2025-06-22 16:56:00,112392.2798,112184.0335,112194.9333
112487.5482,2025-06-22 16:57:00,112487.5482,112282.6325,112282.6325
112571.0156,2025-06-22 16:58:00,112571.0156,112455.0846,112467.2643
112732.3407,2025-06-22 16:59:00,112776.5824,112563.4495,112563.4495
112713.5712,2025-06-22 17:00:00,112738.5823,112641.0394,112711.3412
112785.3443,2025-06-22 17:01:00,112879.3629,112665.1556,112691.614
112820.6521,2025-06-22 17:02:00,112821.8161,112718.1744,112776.5258
112816.4826,2025-06-22 17:03:00,112889.6454,112781.2615,112848.175
112826.7308,2025-06-22 17:04:00,112855.0322,112729.5401,112780.4653
112720.3643,2025-06-22 17:05:00,112853.7615,112706.7183,112841.4205
112633.7478,2025-06-22 17:06:00,112729.4288,112633.7478,112697.9532
112640.6582,2025-06-22 17:07:00,112640.9284,112565.7472,112629.7882
112633.4131,2025-06-22 17:08:00,112664.3629,112545.3103,112638.4194
112544.8554,2025-06-22 17:09:00,112635.6807,112518.3193,112626.2165
112553.2978,2025-06-22 17:10:00,112590.9958,112487.4444,112573.4503
112646.0553,2025-06-22 17:11:00,112646.0553,112517.0355,112532.7172
112698.8465,2025-06-22 17:12:00,112702.5464,112599.1478,112633.8692
112663.5284,2025-06-22 17:13:00,112714.5148,112606.0538,112699.9748
112692.3011,2025-06-22 17:14:00,112721.7238,112587.0467,112672.4408
112660.5907,2025-06-22 17:15:00,112731.7433,112621.9108,112686.8228
112631.307,2025-06-22 17:16:00,112674.4631,112579.5349,112650.943
112673.9922,2025-06-22 17:17:00,112697.5191,112595.9188,112610.2984
112777.4858,2025-06-22 17:18:00,112777.4858,112672.9222,112707.9285
112690.4482,2025-06-22 17:19:00,112858.0772,112690.4482,112774.5175
112812.3774,2025-06-22 17:20:00,112817.2294,112695.5776,112695.5776
112717.6066,2025-06-22 17:21:00,112898.8718,112677.2133,112807.1887
112956.4889,2025-06-22 17:22:00,112956.4889,112655.478,112691.8779
112953.328,2025-06-22 17:23:00,113005.8296,112882.5974,112943.8526
112881.642,2025-06-22 17:24:00,112930.082,112844.1292,112907.046
112804.6598,2025-06-22 17:25:00,112873.4205,112709.8891,112862.202
112962.275,2025-06-22 17:26:00,113038.8969,112828.4804,112828.4804
112917.627,2025-06-22 17:27:00,113026.7641,112909.8919,112976.3951
113118.3741,2025-06-22 17:28:00,113118.3741,112896.7053,112942.6543
112978.7133,2025-06-22 17:29:00,113153.8907,112954.6566,113105.3831
112684.8411,2025-06-22 17:30:00,112972.2648,112656.682,112969.4498
112653.5132,2025-06-22 17:31:00,112703.6257,112572.9221,112688.5835
112814.9384,2025-06-22 17:32:00,112822.0988,112647.5906,112647.9616
112830.1346,2025-06-22 17:33:00,112861.2603,112717.0186,112798.104
112643.1591,2025-06-22 17:34:00,112838.1503,112610.3263,112811.7912
112816.2708,2025-06-22 17:35:00,112830.8062,112561.5221,112622.1285
112899.6146,2025-06-22 17:36:00,112899.6146,112802.2618,112814.5288
112848.4815,2025-06-22 17:37:00,112890.5123,112797.3239,112890.0222
113136.4152,2025-06-22 17:38:00,113146.1136,112824.3025,112824.3025
113194.5187,2025-06-22 17:39:00,113217.4152,113106.4553,113166.3255
112958.0967,2025-06-22 17:40:00,113170.7813,112957.7494,113162.5335
112825.4877,2025-06-22 17:41:00,112980.7717,112798.2286,112944.5506
112785.8544,2025-06-22 17:42:00,112848.3852,112672.5139,112829.7972
112735.472,2025-06-22 17:43:00,112798.0162,112735.472,112759.1905
112949.2422,2025-06-22 17:44:00,112949.2422,112744.4073,112757.394
112957.6848,2025-06-22 17:45:00,113041.4176,112939.354,112942.3375
112710.7447,2025-06-22 17:46:00,112974.1954,112710.7447,112974.1954
112922.1312,2025-06-22 17:47:00,112922.1312,112707.4029,112712.3281
112947.4629,2025-06-22 17:48:00,112958.071,112857.5181,112894.5975
112958.539,2025-06-22 17:49:00,113037.8613,112890.3328,112951.6597
112873.3333,2025-06-22 17:50:00,112994.6934,112873.3333,112974.1701
112904.8717,2025-06-22 17:51:00,112915.6147,112836.78,112879.9668
112749.3699,2025-06-22 17:52:00,112918.2555,112686.7991,112918.2555
112785.7405,2025-06-22 17:53:00,112896.5828,112713.5457,112771.3328
112786.333,2025-06-22 17:54:00,112809.816,112736.3663,112784.0299
112806.7049,2025-06-22 17:55:00,112851.7667,112752.8956,112805.4739
112682.3723,2025-06-22 17:56:00,112769.7281,112656.1149,112769.7281
112682.6512,2025-06-22 17:57:00,112822.146,112638.546,112655.1391
112511.5111,2025-06-22 17:58:00,112711.5829,112439.7147,112702.1084
112408.796,2025-06-22 17:59:00,112573.2294,112408.796,112563.8291
112536.0283,2025-06-22 18:00:00,112574.8627,112433.1466,112433.1466
112502.8099,2025-06-22 18:01:00,112606.8891,112484.2743,112521.1214
112555.816,2025-06-22 18:02:00,112614.1216,112478.2214,112478.2214
112479.1224,2025-06-22 18:03:00,112589.1935,112472.3121,112552.1627
112524.3281,2025-06-22 18:04:00,112615.9385,112480.9428,112480.9428
112634.6594,2025-06-22 18:05:00,112634.6594,112532.266,112532.266
112602.0821,2025-06-22 18:06:00,112722.5897,112578.8257,112632.1038
112569.0331,2025-06-22 18:07:00,112680.6537,112521.3292,112620.163
112532.978,2025-06-22 18:08:00,112594.0491,112443.6453,112594.0491
112666.2124,2025-06-22 18:09:00,112687.4914,112528.8719,112558.7823
112602.6007,2025-06-22 18:10:00,112693.654,112590.7532,112670.8133
112395.4636,2025-06-22 18:11:00,112639.465,112395.4636,112613.4968
112499.3658,2025-06-22 18:12:00,112520.1018,112371.1135,112407.937
112661.0467,2025-06-22 18:13:00,112674.0327,112463.8841,112463.8841
112665.0111,2025-06-22 18:14:00,112775.4077,112649.353,112676.355
112730.337,2025-06-22 18:15:00,112785.5942,112618.7241,112663.8263
112804.8013,2025-06-22 18:16:00,112814.0804,112689.405,112703.1451
112761.521,2025-06-22 18:17:00,112847.6766,112729.6368,112846.8193
112458.1436,2025-06-22 18:18:00,112763.0774,112433.7477,112763.0774
112497.4806,2025-06-22 18:19:00,112498.4458,112434.4173,112449.1728
112659.4014,2025-06-22 18:20:00,112698.7188,112503.9776,112520.8016
112540.2342,2025-06-22 18:21:00,112654.4288,112540.2342,112654.4288
112662.2271,2025-06-22 18:22:00,112703.8472,112513.7512,112553.1077
112689.0082,2025-06-22 18:23:00,112781.3887,112638.9395,112638.9395
112643.1325,2025-06-22 18:24:00,112698.1756,112589.0758,112694.4201
112527.2688,2025-06-22 18:25:00,112663.9451,112428.4504,112640.1487
112478.4276,2025-06-22 18:26:00,112524.9374,112398.8436,112524.9374
112413.077,2025-06-22 18:27:00,112548.9612,112413.077,112475.7021
112379.9098,2025-06-22 18:28:00,112422.5489,112331.2929,112400.6858
112229.3195,2025-06-22 18:29:00,112383.5156,112155.0931,112383.5156
112169.9827,2025-06-22 18:30:00,112225.2494,112086.4387,112225.2494
112026.219,2025-06-22 18:31:00,112163.5114,111981.7392,112135.7867
111757.9089,2025-06-22 18:32:00,112045.2516,111699.5653,112026.3506
111814.0344,2025-06-22 18:33:00,111950.1029,111676.7093,111733.6799
111837.3384,2025-06-22 18:34:00,111837.3384,111769.333,111806.9438
111797.0282,2025-06-22 18:35:00,111958.6396,111797.0282,111832.3994
111917.4991,2025-06-22 18:36:00,111931.8065,111827.3518,111827.3518
111882.079,2025-06-22 18:37:00,111965.9722,111805.9517,111916.7409
111752.821,2025-06-22 18:38:00,111939.9525,111743.0368,111869.1569
111673.9595,2025-06-22 18:39:00,111765.2732,111669.423,111744.2503
111699.2942,2025-06-22 18:40:00,111738.5233,111639.3073,111695.6106
111595.2141,2025-06-22 18:41:00,111711.5158,111572.0532,111669.818
111513.0522,2025-06-22 18:42:00,111625.9519,111513.0522,111585.5704
111290.3314,2025-06-22 18:43:00,111506.2154,111282.3346,111506.2154
111196.0697,2025-06-22 18:44:00,111283.8156,111190.4767,111283.8156
111292.2892,2025-06-22 18:45:00,111333.7202,111225.6288,111225.6288
111316.9667,2025-06-22 18:46:00,111346.5898,111225.2609,111313.8707
111484.7619,2025-06-22 18:47:00,111498.823,111284.7969,111293.4007
111449.0467,2025-06-22 18:48:00,111502.0187,111335.6319,111502.0187
111564.5041,2025-06-22 18:49:00,111597.3066,111454.3941,111490.4131
111463.0217,2025-06-22 18:50:00,111597.9231,111434.7207,111592.8285
111463.7022,2025-06-22 18:51:00,111498.0395,111395.9159,111462.0393
111385.6488,2025-06-22 18:52:00,111519.8557,111385.6488,111478.1553
111490.9419,2025-06-22 18:53:00,111494.0196,111369.2443,111379.9978
111244.2696,2025-06-22 18:54:00,111491.3439,111244.2696,111455.3274
111294.8827,2025-06-22 18:55:00,111408.3561,111235.5212,111255.9697
111155.1162,2025-06-22 18:56:00,111296.7723,111049.0525,111296.7723
111119.7718,2025-06-22 18:57:00,111139.2338,111052.148,111113.5051
111007.9615,2025-06-22 18:58:00,111135.5719,111007.9615,111120.8627
111062.72,2025-06-22 18:59:00,111118.5065,110904.694,110997.4106
111130.7094,2025-06-22 19:00:00,111157.6111,111016.5416,111021.1685
111080.7111,2025-06-22 19:01:00,111206.9324,111080.7111,111171.0095
110982.5672,2025-06-22 19:02:00,111074.5575,110961.3193,111074.5575
110954.0754,2025-06-22 19:03:00,111023.8967,110911.8651,110955.3774
111064.6717,2025-06-22 19:04:00,111064.6717,110927.2856,110948.6771
110908.2658,2025-06-22 19:05:00,111081.7625,110901.1998,111065.828
110921.9249,2025-06-22 19:06:00,110969.236,110801.6279,110929.8531
110938.8443,2025-06-22 19:07:00,111002.8197,110864.9697,110914.2607
111294.6252,2025-06-22 19:08:00,111294.6252,110971.3627,110971.3627
111173.1894,2025-06-22 19:09:00,111324.7564,111133.1042,111264.2421
111341.5256,2025-06-22 19:10:00,111368.8702,111139.0708,111139.0708
111455.8689,2025-06-22 19:11:00,111455.8689,111331.3293,111369.173
111431.9631,2025-06-22 19:12:00,111464.5833,111342.0392,111453.0912
111383.5859,2025-06-22 19:13:00,111520.1916,111383.5859,111467.1248
111356.6495,2025-06-22 19:14:00,111437.6828,111355.2272,111379.8595
111324.2682,2025-06-22 19:15:00,111375.9379,111298.2536,111334.2967
111235.3406,2025-06-22 19:16:00,111349.381,111134.7708,111346.2283
111265.012,2025-06-22 19:17:00,111284.5447,111159.1358,111231.7188
111353.1006,2025-06-22 19:18:00,111391.9856,111223.8871,111244.0636
111530.1041,2025-06-22 19:19:00,111530.1041,111361.2953,111366.4903
111447.9677,2025-06-22 19:20:00,111513.1799,111408.0731,111511.3257
111525.9715,2025-06-22 19:21:00,111581.2968,111422.596,111427.9353
111506.4443,2025-06-22 19:22:00,111510.0858,111412.0672,111505.5419
111466.6944,2025-06-22 19:23:00,111492.1216,111369.9451,111480.1165
111356.2821,2025-06-22 19:24:00,111436.3397,111325.7847,111436.3397
111321.4493,2025-06-22 19:25:00,111393.1528,111252.1313,111351.1171
111289.9813,2025-06-22 19:26:00,111421.4401,111289.7799,111345.7065
111207.5915,2025-06-22 19:27:00,111315.3479,111157.3689,111312.2968
111258.1939,2025-06-22 19:28:00,111330.7763,111186.6247,111214.8083
111258.5632,2025-06-22 19:29:00,111323.3543,111170.8139,111256.6667
111468.1415,2025-06-22 19:30:00,111468.1415,111214.0094,111223.6619
111312.9038,2025-06-22 19:31:00,111468.3884,111312.9038,111458.212
111275.5848,2025-06-22 19:32:00,111409.9653,111255.2689,111334.8501
111528.3978,2025-06-22 19:33:00,111568.4824,111316.0323,111316.0323
111443.7551,2025-06-22 19:34:00,111547.9469,111400.1105,111493.1589
111399.9003,2025-06-22 19:35:00,111477.2892,111387.6626,111427.1181
111283.871,2025-06-22 19:36:00,111395.3736,111264.5866,111394.8838
111161.0217,2025-06-22 19:37:00,111327.439,111161.0217,111287.1103
111191.6863,2025-06-22 19:38:00,111247.9251,111158.429,111196.009
111166.7921,2025-06-22 19:39:00,111226.6918,111107.8864,111221.281
111256.0358,2025-06-22 19:40:00,111313.5648,111179.9594,111184.6852
111276.3248,2025-06-22 19:41:00,111383.8705,111254.522,111254.522
111444.3391,2025-06-22 19:42:00,111473.247,111281.3844,111281.3844
111532.1873,2025-06-22 19:43:00,111571.8945,111439.7705,111469.8891
111672.944,2025-06-22 19:44:00,111721.7479,111524.3729,111524.3729
111809.512,2025-06-22 19:45:00,111809.512,111589.3014,111672.7164
112004.6585,2025-06-22 19:46:00,112092.8737,111817.4954,111823.8537
112110.7077,2025-06-22 19:47:00,112176.6152,111961.0317,111961.0317
112296.1558,2025-06-22 19:48:00,112365.6497,112097.2294,112097.2294
112336.9996,2025-06-22 19:49:00,112339.9913,112221.5056,112310.0307
112305.2987,2025-06-22 19:50:00,112371.779,112228.7925,112322.0612
112383.6374,2025-06-22 19:51:00,112383.6374,112235.5278,112329.8588
112380.2225,2025-06-22 19:52:00,112486.2677,112380.2225,112400.8017
112569.2621,2025-06-22 19:53:00,112584.516,112376.6143,112376.6143
112504.1604,2025-06-22 19:54:00,112609.4718,112476.0111,112590.4632
112592.3465,2025-06-22 19:55:00,112639.191,112504.5097,112523.5707
112644.7623,2025-06-22 19:56:00,112657.253,112572.0885,112592.3665
112668.8101,2025-06-22 19:57:00,112691.023,112585.4663,112639.569
112573.8778,2025-06-22 19:58:00,112686.36,112542.7257,112686.36
112641.653,2025-06-22 19:59:00,112731.9793,112576.8604,112607.6064
112652.1423,2025-06-22 20:00:00,112667.8331,112571.2348,112621.7945
112510.1268,2025-06-22 20:01:00,112656.7361,112493.0564,112585.7521
112375.8822,2025-06-22 20:02:00,112535.4514,112375.8822,112506.6029
112292.3836,2025-06-22 20:03:00,112384.7648,112292.3836,112320.8484
112177.1225,2025-06-22 20:04:00,112322.1239,112177.1225,112253.5759
112178.2938,2025-06-22 20:05:00,112218.5247,112122.5861,112176.1934
112198.6307,2025-06-22 20:06:00,112313.7301,112192.175,112192.365
112293.9393,2025-06-22 20:07:00,112312.4806,112174.3001,112174.3001
112319.2211,2025-06-22 20:08:00,112340.7075,112243.2638,112265.3745
112296.7384,2025-06-22 20:09:00,112417.342,112243.8117,112344.2905
112231.605,2025-06-22 20:10:00,112343.8101,112227.2494,112299.6131
112229.7617,2025-06-22 20:11:00,112311.2665,112167.9794,112194.0086
112398.237,2025-06-22 20:12:00,112398.237,112179.36,112228.1018
112466.0701,2025-06-22 20:13:00,112558.2047,112356.4118,112381.5533
112500.6026,2025-06-22 20:14:00,112552.1338,112421.0891,112456.6227
112508.9319,2025-06-22 20:15:00,112598.1156,112477.3609,112477.3609
112568.0384,2025-06-22 20:16:00,112613.8337,112510.678,112510.678
112430.4871,2025-06-22 20:17:00,112596.4274,112430.4871,112570.5307
112505.8066,2025-06-22 20:18:00,112545.0548,112386.3413,112390.7073
112427.1841,2025-06-22 20:19:00,112648.3764,112421.2054,112508.1982
112460.5753,2025-06-22 20:20:00,112528.3883,112405.0611,112450.1196
112490.0892,2025-06-22 20:21:00,112490.0892,112348.0195,112450.8344
112449.2165,2025-06-22 20:22:00,112538.301,112419.2305,112510.3192
112302.9937,2025-06-22 20:23:00,112467.6968,112302.9937,112437.141
112410.0519,2025-06-22 20:24:00,112441.3739,112294.6089,112302.7779
112386.6843,2025-06-22 20:25:00,112457.2086,112363.3029,112441.3791
112629.9895,2025-06-22 20:26:00,112629.9895,112412.0284,112412.0284
112768.4036,2025-06-22 20:27:00,112773.0134,112568.8086,112625.1062
112714.3368,2025-06-22 20:28:00,112759.5562,112620.7596,112747.7602
112700.6317,2025-06-22 20:29:00,112763.7067,112653.0347,112716.243
112795.5314,2025-06-22 20:30:00,112850.3435,112662.8964,112698.8427
113015.2591,2025-06-22 20:31:00,113015.2591,112820.0442,112820.0442
113030.0974,2025-06-22 20:32:00,113122.0754,113006.5118,113030.2896
112925.9872,2025-06-22 20:33:00,113032.6994,112890.0426,113032.6994
112962.4595,2025-06-22 20:34:00,112982.741,112878.908,112936.7553
112868.7318,2025-06-22 20:35:00,113032.5999,112841.5069,112977.2581
113187.8501,2025-06-22 20:36:00,113206.3816,112905.0981,112905.0981
113096.3514,2025-06-22 20:37:00,113227.5032,113080.3386,113175.5091
113199.0874,2025-06-22 20:38:00,113199.0874,113075.0499,113075.0499
113043.5255,2025-06-22 20:39:00,113212.7037,113043.5255,113212.7037
112977.3061,2025-06-22 20:40:00,113120.1704,112959.6142,113025.7778
113035.5367,2025-06-22 20:41:00,113063.4396,112926.35,112972.0387
113093.2422,2025-06-22 20:42:00,113210.9181,113018.072,113032.6772
113122.3323,2025-06-22 20:43:00,113174.3286,113027.8407,113125.5477
112996.6599,2025-06-22 20:44:00,113176.8547,112947.4046,113169.7729
113021.3726,2025-06-22 20:45:00,113060.2438,112955.5619,113015.7741
113091.8483,2025-06-22 20:46:00,113123.7678,112952.9141,112997.8946
113179.6068,2025-06-22 20:47:00,113211.6741,113032.3367,113070.2719
113057.0901,2025-06-22 20:48:00,113224.1474,113025.3341,113192.0045
113372.9231,2025-06-22 20:49:00,113372.9231,113070.921,113070.921
113311.0357,2025-06-22 20:50:00,113485.3041,113311.0357,113393.704
113259.904,2025-06-22 20:51:00,113407.3627,113259.904,113313.1699
113319.5667,2025-06-22 20:52:00,113375.7161,113285.8212,113310.4451
113282.6558,2025-06-22 20:53:00,113339.1124,113243.5617,113339.1124
113329.2329,2025-06-22 20:54:00,113370.125,113243.5819,113301.1805
113178.0984,2025-06-22 20:55:00,113326.8256,113157.5189,113326.8256
113325.0064,2025-06-22 20:56:00,113385.5018,113146.8644,113212.8363
113367.0263,2025-06-22 20:57:00,113367.0263,113362.7142,113362.7142
